0.0329613,0.24529037,0.7212042,0.27467772,0.2644196,0.12814745,0.09527343,0.7487539
0.037490923,0.24656808,0.7213922,0.27638325,0.26571003,0.12888575,0.10117731,0.74883336
0.042040415,0.24783048,0.7215982,0.27808002,0.26699296,0.12962106,0.10704171,0.74890906
0.04661527,0.24909392,0.7215561,0.2797758,0.26826835,0.13035852,0.11289732,0.7488639
0.051184982,0.25035366,0.7215206,0.28146762,0.26954132,0.13109547,0.11873318,0.7488188
0.055750336,0.25162834,0.7215019,0.28315553,0.27081195,0.1318466,0.124462776,0.74877393
0.060311176,0.25290644,0.72148883,0.28483945,0.27208018,0.13260196,0.13014482,0.74872917
0.0648669,0.25418246,0.7214757,0.2865193,0.27334607,0.13335675,0.13580683,0.74868464
0.06941725,0.2554564,0.7214627,0.28819507,0.27460963,0.13411099,0.14144805,0.7486403
0.073961765,0.2567282,0.7214498,0.28986683,0.2758708,0.1348646,0.14706767,0.7485961
0.078441605,0.25800282,0.7214418,0.2915394,0.2771345,0.13562188,0.15266493,0.74855214
0.082869425,0.25927916,0.7214379,0.2932116,0.27839974,0.13638183,0.15823913,0.74850833
0.08729053,0.26055333,0.72143394,0.29487976,0.27966246,0.1371412,0.16378951,0.7484648
0.09163314,0.26183143,0.7214362,0.29654977,0.28092897,0.13790512,0.16931534,0.7484214
0.0959681,0.2631074,0.7214385,0.29821226,0.2821934,0.13866839,0.17481601,0.7483787
0.10029613,0.26438114,0.72144115,0.29985744,0.28345656,0.139431,0.18029076,0.7483375
0.10461613,0.2656527,0.7214438,0.3014984,0.28471735,0.1401928,0.18573895,0.7482967
0.10892766,0.26692197,0.72144663,0.303135,0.28597566,0.14095393,0.19116,0.7482561
0.11323036,0.2681893,0.72144973,0.30476746,0.28723165,0.14171445,0.19655749,0.74821573
0.117511615,0.2694572,0.72145575,0.306397,0.28848657,0.14247663,0.20194802,0.7481756
0.1217136,0.2707306,0.72146994,0.30803,0.2897469,0.14324483,0.20730945,0.7481359
0.12590691,0.27200168,0.72148407,0.30965868,0.29100603,0.14400792,0.21264231,0.7480979
0.13009566,0.2732704,0.72149837,0.31128293,0.29226962,0.14474449,0.21795183,0.7480686
0.1343213,0.27453485,0.72151077,0.31290078,0.2935287,0.14547859,0.22323048,0.74803954
0.13854665,0.2757965,0.7215229,0.31451884,0.29478377,0.14621156,0.22847772,0.7480095
0.14276138,0.2770557,0.7215352,0.31613728,0.2960371,0.14693683,0.23369479,0.74798065
0.14696556,0.2783126,0.7215476,0.31775126,0.29728898,0.14765692,0.23888054,0.74795324
0.15115845,0.27956706,0.72156024,0.3193608,0.29853886,0.14837322,0.24403396,0.7479268
0.15533984,0.2808192,0.7215729,0.3209658,0.29978693,0.14908473,0.24915487,0.7479015
0.15950891,0.282069,0.7215859,0.32256615,0.3010352,0.14979538,0.25424212,0.74787647
0.1636692,0.28329983,0.721604,0.32416192,0.302282,0.15050529,0.25930014,0.7478518
0.16781768,0.28452337,0.72162366,0.32575318,0.3035263,0.15121444,0.26432526,0.7478274
0.17195296,0.28574464,0.72164345,0.3273398,0.30476806,0.15192285,0.26931554,0.7478033
0.17600125,0.28697464,0.7216745,0.3289328,0.30601835,0.15263993,0.2742706,0.74777955
0.18003339,0.28820273,0.7217059,0.3305216,0.30726644,0.15335661,0.27919003,0.7477562
0.18405175,0.2894285,0.72173756,0.3321057,0.30851206,0.15407237,0.28407374,0.74773306
0.18805608,0.2906519,0.72176945,0.33368525,0.30975515,0.15478742,0.28892124,0.7477103
0.19204605,0.29187292,0.7218013,0.33526,0.3109956,0.15550154,0.29373237,0.7476879
0.1960215,0.29309162,0.7218333,0.33683005,0.31223357,0.15621479,0.29850686,0.7476658
0.1999821,0.294308,0.7218654,0.33839545,0.313469,0.15692735,0.30324435,0.7476442
0.2039277,0.29552191,0.7218978,0.3399561,0.3147018,0.15763894,0.30794477,0.7476227
0.20785794,0.29673347,0.7219302,0.34151205,0.31593215,0.15834954,0.31260794,0.74760175
0.21178553,0.29794338,0.72196347,0.34306383,0.31716055,0.15905994,0.31723353,0.7475811
0.21570322,0.29915124,0.7219972,0.34461123,0.3183866,0.1597699,0.32181978,0.74756086
0.21960479,0.3003601,0.7220345,0.34615377,0.31961018,0.16048181,0.3263289,0.74754095
0.22349015,0.30157217,0.7220777,0.34769166,0.32083112,0.16119766,0.33078152,0.7475214
0.22735909,0.30278406,0.72212315,0.34922472,0.32204956,0.1619147,0.33518872,0.7475021
0.23120052,0.30399567,0.7221708,0.35075524,0.32326767,0.16263247,0.33955845,0.7474833
0.23502028,0.3052057,0.72221965,0.3522819,0.32448414,0.16335016,0.34389055,0.7474649
0.2388202,0.30640706,0.7222871,0.35380375,0.32570046,0.16405773,0.3481812,0.74744976
0.24260473,0.30759662,0.7223463,0.35532084,0.32691664,0.16474724,0.35248157,0.74743813
0.2463719,0.30878356,0.72240525,0.35683313,0.32813025,0.16543582,0.35674486,0.74742675
0.25012144,0.3099681,0.7224641,0.35834047,0.3293412,0.16612351,0.36096978,0.74741566
0.2538533,0.3111502,0.72252303,0.35984313,0.33054957,0.16681036,0.3651565,0.74740505
0.2575672,0.31232986,0.7225819,0.36134085,0.33175528,0.16749632,0.36930493,0.7473948
0.26126364,0.31348422,0.72262514,0.3628338,0.3329583,0.16816735,0.37346286,0.74738485
0.26494232,0.31462708,0.7226672,0.36432183,0.33415884,0.16883603,0.37758836,0.74737525
0.2686026,0.31576765,0.72270954,0.36580506,0.33535662,0.16950414,0.38167486,0.74736595
0.27224448,0.31690603,0.7227521,0.3672835,0.33655187,0.17017144,0.38572267,0.747357
0.27586758,0.31804225,0.72279483,0.36875698,0.33774447,0.17083812,0.38973182,0.7473485
0.279472,0.31917617,0.72283775,0.3702257,0.33893445,0.17150405,0.39370224,0.74734026
0.28305757,0.32030788,0.72288084,0.37168953,0.34012178,0.17216927,0.39763412,0.74733245
0.2866241,0.32143736,0.7229241,0.37314847,0.34130645,0.17283386,0.40152755,0.7473249
0.2901714,0.3225647,0.72296757,0.37460265,0.34248856,0.17349774,0.40538272,0.7473178
0.2936995,0.32368973,0.7230113,0.37605187,0.34366795,0.1741609,0.40919954,0.747311
0.29720822,0.3248125,0.7230551,0.3774964,0.3448448,0.17482337,0.41297838,0.7473045
0.30069208,0.3259331,0.7230991,0.37895212,0.34601676,0.17548406,0.4167191,0.74729127
0.30415362,0.32705143,0.7231434,0.3804124,0.3471838,0.1761438,0.42042214,0.7472746
0.30759555,0.3281676,0.7231879,0.38186777,0.34834814,0.17680284,0.42408744,0.74725807
0.31101784,0.3292814,0.7232323,0.38331822,0.34950984,0.1774612,0.42771524,0.7472423
0.3144194,0.33038953,0.72327375,0.38476726,0.3506675,0.1781159,0.43131617,0.74722517
0.31780088,0.33148438,0.72330415,0.38621214,0.35182238,0.17876035,0.43491325,0.7472082
0.32116243,0.33257702,0.723335,0.3876522,0.3529745,0.17940423,0.438473,0.74719155
0.32452238,0.33366296,0.7233613,0.3890827,0.35411915,0.18004343,0.44199556,0.7471754
0.3278793,0.33474007,0.72338146,0.39050156,0.35525468,0.1806764,0.4454812,0.74715954
0.3311968,0.33581647,0.7234032,0.391917,0.3563888,0.18131018,0.44893008,0.7471441
0.33450314,0.33688852,0.72342294,0.39332527,0.3575182,0.1819455,0.45234263,0.7471293
0.33780432,0.33795467,0.7234451,0.39472482,0.35864103,0.18257707,0.455719,0.74711484
0.3410856,0.33901957,0.7234974,0.39611962,0.35976142,0.18320796,0.45905995,0.74710083
0.34434646,0.34008223,0.7235499,0.39750952,0.36087906,0.18383837,0.46236518,0.74708724
0.34758672,0.34114295,0.7236025,0.39889476,0.36199415,0.18446836,0.46563473,0.7470739
0.3508068,0.3422015,0.72365963,0.4002727,0.36310735,0.18509775,0.46886873,0.7470619
0.3540066,0.3432578,0.723717,0.40164503,0.3642183,0.18572652,0.47206137,0.7470506
0.3571857,0.34431115,0.72377366,0.40301266,0.36532658,0.18635395,0.47517762,0.7470397
0.36034408,0.34536245,0.72383034,0.4043755,0.3664322,0.18698102,0.4782599,0.7470291
0.36347702,0.34640542,0.723896,0.4057337,0.36753532,0.1876075,0.48130214,0.7470189
0.36658844,0.34744468,0.7239643,0.4070879,0.36862826,0.18823406,0.4843092,0.7470089
0.36967954,0.34848186,0.7240323,0.40843767,0.3697143,0.18886045,0.48728308,0.74699944
0.37274146,0.3495382,0.7240935,0.40979478,0.3707938,0.18948632,0.49021703,0.7469854
0.37578025,0.35059488,0.724147,0.41114914,0.3718701,0.1901072,0.4931314,0.7469709
0.0034887083,0.3477449,0.7224565,0.40787092,0.37476856,0.18476531,0.49915746,0.74931717
0.007731568,0.34930536,0.72297215,0.40970555,0.37636486,0.18584844,0.5020394,0.74930733
0.011919968,0.35075408,0.7233786,0.4114258,0.37785098,0.18682748,0.50489104,0.7493007
0.016014509,0.35208115,0.7236805,0.413033,0.37922594,0.18771243,0.5077135,0.74929416
0.019960351,0.35321698,0.72379804,0.41444963,0.38041216,0.18843612,0.510505,0.74928784
0.023903593,0.35434866,0.7239135,0.4158594,0.3815932,0.1891577,0.5132644,0.74928176
0.027838267,0.35547906,0.7240302,0.41726518,0.38277343,0.1898795,0.5159924,0.7492759
0.03185673,0.3565884,0.7241281,0.41864762,0.38392994,0.19058472,0.51868904,0.7492701
0.03594745,0.35768023,0.72421074,0.42001215,0.38506165,0.19127682,0.52135795,0.74926466
0.040035486,0.35877407,0.7242977,0.4213721,0.38619062,0.19197199,0.52396905,0.7492593
0.04413087,0.35986388,0.7243829,0.4227254,0.38731477,0.19266504,0.5265503,0.7492541
0.048304006,0.3609349,0.72445166,0.42406216,0.38841778,0.19334328,0.52910197,0.74924725
0.052587338,0.36198458,0.7245011,0.42539766,0.38949105,0.19400424,0.53162444,0.74923134
0.056956828,0.3630059,0.7245228,0.42671093,0.39054394,0.19464082,0.5341484,0.74921566
0.061411425,0.36401185,0.7245314,0.4280068,0.3915814,0.19526538,0.5366457,0.7492002
0.0658607,0.36501595,0.7245405,0.42929822,0.39261624,0.19588986,0.5391144,0.7491851
0.07032624,0.36601537,0.72454697,0.43058217,0.39364547,0.19651148,0.5415547,0.74917
0.074796095,0.36700848,0.72454953,0.43185702,0.3946676,0.19712901,0.5439666,0.7491553
0.07923979,0.36799628,0.7245491,0.43312404,0.39568362,0.19774348,0.5463507,0.7491406
0.08367603,0.36898205,0.72454876,0.43438622,0.39669675,0.19835737,0.5487072,0.7491263
0.08810513,0.36996597,0.72454906,0.4356439,0.39770728,0.19897112,0.5510365,0.74911225
0.09252661,0.3709481,0.7245498,0.43689734,0.39871526,0.19958463,0.5533389,0.7490983
0.096897386,0.37193215,0.7245546,0.43814984,0.39972436,0.20020112,0.5556144,0.7490846
0.10122859,0.3729171,0.7245625,0.4394006,0.40073347,0.20081976,0.5578636,0.7490712
0.10553397,0.37390175,0.7245724,0.44064853,0.4017417,0.2014395,0.56008655,0.74905807
0.10982084,0.3748856,0.72458386,0.441893,0.40274823,0.20205986,0.5622837,0.7490449
0.11409861,0.3758675,0.7245956,0.44313028,0.4037522,0.20267755,0.56445545,0.7490388
0.11836699,0.37684762,0.72461116,0.44436318,0.4047536,0.20329502,0.56660193,0.749033
0.122626014,0.37782666,0.7246566,0.44559172,0.40575242,0.20391235,0.56872416,0.7490272
0.12684387,0.37881175,0.72470415,0.44681916,0.4067521,0.2045322,0.57082003,0.74902165
0.13099015,0.3798246,0.7247504,0.44804728,0.40775537,0.20515725,0.5728838,0.7490163
0.13512558,0.38083547,0.72479934,0.4492612,0.40875593,0.205782,0.5749234,0.7490109
0.13925004,0.38184407,0.7248504,0.45047083,0.40975392,0.20640647,0.5769391,0.7490057
0.14336333,0.38285077,0.7249016,0.45167616,0.41074935,0.20703062,0.5789313,0.7490008
0.14746512,0.3838554,0.72495323,0.45287704,0.41174224,0.2076545,0.5809002,0.748996
0.15155442,0.38485718,0.7250063,0.45407367,0.41273266,0.20827803,0.58284515,0.74899143
0.15562654,0.38585025,0.7250688,0.4552661,0.41372043,0.20890135,0.58476096,0.7489872
0.15968618,0.38684142,0.7251316,0.45645395,0.41470575,0.20952421,0.5866543,0.748983
0.16373211,0.38783213,0.72519594,0.4576425,0.41568694,0.21014816,0.588519,0.74897707
0.16777092,0.3888262,0.7252658,0.4588364,0.41666186,0.21077654,0.59033847,0.74896747
0.17184925,0.38981587,0.7253336,0.4600236,0.41763207,0.21140248,0.5921366,0.74895793
0.17591396,0.3908035,0.72540116,0.46120664,0.41859987,0.2120279,0.5939139,0.7489486
0.17996612,0.39178863,0.7254687,0.4623848,0.4195648,0.21265268,0.5956704,0.74893963
0.18406054,0.39275798,0.7255224,0.46354532,0.4205136,0.21326527,0.59740657,0.74893075
0.18814036,0.39372537,0.72557634,0.46470138,0.42146003,0.21387738,0.59912235,0.7489222
0.19220525,0.39469057,0.7256302,0.46585315,0.42240402,0.21448919,0.6008182,0.7489139
0.19625485,0.39565375,0.72568434,0.46700093,0.42334566,0.2151005,0.6024943,0.7489058
0.20028576,0.396628,0.72573406,0.4681444,0.42428482,0.21571144,0.6041467,0.74889785
0.20430046,0.3976022,0.7257832,0.46928355,0.42522165,0.21632203,0.605779,0.7488902
0.2083039,0.3985768,0.72583497,0.4704212,0.42615858,0.21693444,0.60739255,0.7488828
0.21222651,0.39955953,0.7258969,0.47156483,0.4271034,0.21755531,0.6089871,0.74887556
0.21613303,0.4005399,0.7259592,0.47270426,0.42804572,0.21817565,0.61056334,0.74886847
0.22002557,0.4015213,0.7260114,0.47383946,0.42898571,0.21879551,0.6121242,0.74886185
0.2239134,0.40249768,0.7260596,0.47496742,0.42992023,0.21941236,0.6136674,0.74885523
0.22779784,0.40346846,0.72610444,0.47608778,0.4308489,0.22002575,0.6151928,0.74884903
0.23166516,0.40443698,0.7261495,0.47720405,0.43177518,0.22063872,0.6167005,0.7488429
0.23551217,0.4054034,0.7261946,0.47831598,0.4326954,0.22126427,0.618187,0.7488324
0.23934183,0.4063674,0.7262399,0.4794239,0.43361303,0.22188976,0.61965626,0.7488221
0.24317783,0.40732318,0.7262791,0.48052147,0.43452212,0.22250947,0.62110853,0.74881184
0.24702036,0.40827036,0.726312,0.48160866,0.43542263,0.22312328,0.6225441,0.748802
0.25084466,0.40921542,0.7263452,0.48269174,0.43632084,0.22373652,0.6239631,0.74879235
0.25465065,0.41015828,0.7263783,0.48377073,0.43721682,0.22434926,0.6253658,0.74878293
0.25843522,0.411099,0.72641176,0.48484576,0.43810678,0.22497422,0.6267487,0.7487693
0.2621991,0.4120376,0.7264452,0.4859167,0.43899205,0.22560748,0.6281132,0.7487528
0.2659441,0.41297403,0.7264789,0.4869837,0.43987504,0.22624019,0.62946206,0.7487367
0.26967004,0.4139082,0.7265129,0.48804656,0.44075584,0.22687227,0.63079536,0.7487207
0.27952114,0.41570416,0.73200023,0.47714454,0.43989566,0.22344589,0.00089824945,0.7534041
0.28316632,0.41674778,0.7321021,0.4783083,0.44078547,0.22423068,0.00649688,0.7533509
0.28679132,0.4177822,0.732197,0.47947124,0.44167203,0.22500885,0.012133617,0.75329673
0.2903966,0.41879648,0.73227394,0.48063037,0.44255653,0.22577098,0.017863944,0.75324285
0.29398224,0.4197697,0.7323121,0.4817855,0.4434388,0.22649884,0.023746595,0.753189
0.2975441,0.4206742,0.7322836,0.48293707,0.4443191,0.22716841,0.029896274,0.75313556
0.30105874,0.42156285,0.7322416,0.48408678,0.44519907,0.22782561,0.036150545,0.7530821
0.30455348,0.42240834,0.7321588,0.4852324,0.44607693,0.22844678,0.042514637,0.75302905
0.3080283,0.42325264,0.7320769,0.48637438,0.44695258,0.22906813,0.048861884,0.75297606
0.31148306,0.42409492,0.73199517,0.48751226,0.44782588,0.22968888,0.055201,0.7529235
0.31491765,0.42493498,0.7319135,0.48864624,0.44869715,0.23030904,0.061530948,0.75287104
0.3183332,0.42577648,0.73183554,0.48977634,0.44956768,0.23092514,0.067820676,0.7528207
0.32172906,0.42663056,0.7317725,0.49090248,0.45043686,0.23154986,0.07397963,0.7527716
0.32510468,0.4274869,0.73171395,0.4920247,0.45130393,0.23217776,0.080098115,0.7527228
0.32846192,0.42834985,0.73166436,0.49314293,0.45217162,0.23280194,0.08612798,0.75267774
0.33180037,0.42921075,0.7316148,0.4942573,0.45303932,0.23341724,0.09214654,0.75263554
0.33511654,0.43006697,0.7315733,0.49536768,0.45390475,0.23403195,0.09814797,0.75259364
0.3384086,0.43091676,0.73154503,0.49647406,0.45476812,0.23464617,0.10412959,0.7525521
0.34168008,0.43177068,0.73152345,0.49757645,0.4556293,0.23526528,0.11005202,0.75251085
0.34493083,0.43263325,0.7315126,0.49867484,0.45648816,0.23589301,0.1158837,0.75246984
0.348161,0.43349347,0.7315016,0.4997693,0.4573449,0.23651999,0.12170207,0.75242895
0.35137036,0.4343471,0.73148626,0.5008597,0.45819953,0.23714232,0.12758538,0.7523885
0.35455915,0.43519855,0.73147106,0.5019459,0.45905194,0.23776403,0.13344899,0.7523484
0.35772714,0.43604797,0.7314559,0.5030284,0.45990208,0.23838523,0.13929206,0.7523084
0.36087427,0.43689546,0.731441,0.50410676,0.46075007,0.23900583,0.14511368,0.75226885
0.3640007,0.43774086,0.7314265,0.505181,0.46159592,0.23962584,0.15091313,0.7522297
0.3671064,0.4385842,0.731412,0.5062513,0.46243948,0.2402452,0.15668967,0.7521906
0.3701913,0.4394381,0.7314103,0.5073176,0.46328098,0.24087483,0.1623776,0.752152
0.37325546,0.4402997,0.73141855,0.50837964,0.4641203,0.2415123,0.16799074,0.7521138
0.3762988,0.4411591,0.7314271,0.50943774,0.46495748,0.24214894,0.17357907,0.7520758
0.37931594,0.44203785,0.7314284,0.5104918,0.4657924,0.24278492,0.1791349,0.75203824
0.38230875,0.4429281,0.73142546,0.5115418,0.46662512,0.2434203,0.18466008,0.75200087
0.38528094,0.4438227,0.73142946,0.5125877,0.4674557,0.24406072,0.19013348,0.7519639
0.3882325,0.44471714,0.7314358,0.5136297,0.4682842,0.24470213,0.19557151,0.7519274
0.39115506,0.4456119,0.73144484,0.5146694,0.46911255,0.24534506,0.20098838,0.75189114
0.3940473,0.44650775,0.7314574,0.51570594,0.46994522,0.24598879,0.20639601,0.75185543
0.39691445,0.44740126,0.73147017,0.51673263,0.4707932,0.24662685,0.21177441,0.7518197
0.39976123,0.4482924,0.731483,0.5177551,0.47163883,0.24726397,0.21712303,0.7517848
0.40258762,0.44918114,0.73149616,0.5187736,0.47248206,0.24790049,0.22244132,0.7517499
0.40539372,0.45006752,0.7315093,0.519788,0.47332317,0.24853605,0.22772878,0.7517156
0.4081794,0.4509517,0.7315228,0.5207985,0.4741619,0.24917093,0.23298475,0.75168157
0.41094488,0.45183358,0.7315376,0.52180475,0.47499838,0.24980494,0.23820886,0.75164795
0.4136909,0.452714,0.7315929,0.5228071,0.4758326,0.25043806,0.24340156,0.75161475
0.41641673,0.4535921,0.731648,0.5238052,0.47666457,0.25107047,0.24856135,0.7515819
0.4191225,0.4544678,0.7317042,0.5247992,0.4774943,0.25170207,0.25368777,0.75154936
0.421808,0.45534107,0.73176473,0.5257893,0.47832173,0.25233275,0.25878045,0.7515174
0.42447355,0.456212,0.7318252,0.52677524,0.4791469,0.25296265,0.2638389,0.7514857
0.42711908,0.45708057,0.73188555,0.5277572,0.47996986,0.25359172,0.26886287,0.7514544
0.42973852,0.45793974,0.73195577,0.5287275,0.4807892,0.25423297,0.2738411,0.751422
0.4347993,0.4579197,0.73348373,0.52448404,0.48075143,0.25243947,0.0015094131,0.7533712
0.4373866,0.45915216,0.73390424,0.5254649,0.4815736,0.25342232,0.0072377287,0.75333714
0.43998057,0.460089,0.7340314,0.5264355,0.48238683,0.25415042,0.012809992,0.75330305
0.44256386,0.46101582,0.7341504,0.5274004,0.4831955,0.25487113,0.018415645,0.7532693
0.44512698,0.46194065,0.7342693,0.528362,0.48400214,0.25559133,0.024018511,0.75323564
0.44767007,0.46283278,0.73435795,0.52932036,0.4848067,0.25628456,0.029744118,0.75320214
0.45019338,0.46365082,0.7343744,0.5302754,0.4856091,0.25691494,0.035789095,0.7531687
0.45269606,0.46443108,0.73435205,0.531227,0.48640952,0.25751165,0.042006925,0.7531356
0.45517078,0.465237,0.7343147,0.5321754,0.48720777,0.2581042,0.048241585,0.75310266
0.45762587,0.46602428,0.73426086,0.5331205,0.48800406,0.25868174,0.054522805,0.75306994
0.46006155,0.46681228,0.73421013,0.53406215,0.48879817,0.2592614,0.060771205,0.7530373
0.4624776,0.4676002,0.7341613,0.5350006,0.48959017,0.25984225,0.06699366,0.7530048
0.46487436,0.4683984,0.7341251,0.5359357,0.49038014,0.26043317,0.07309107,0.7529726
0.46725187,0.46917814,0.7340728,0.5368672,0.4911681,0.2610095,0.07920957,0.75294054
0.4696103,0.4699494,0.73401403,0.5377956,0.4919539,0.26157972,0.085313536,0.7529087
0.4719496,0.47072592,0.7339631,0.53872055,0.49273762,0.26215595,0.09133675,0.75287706
0.4742699,0.47150058,0.7339124,0.53964204,0.49351937,0.2627316,0.097345404,0.7528458
0.4765714,0.4722732,0.73386174,0.5405601,0.49429896,0.26330677,0.10333872,0.75281465
0.47885427,0.4730438,0.7338115,0.54147494,0.49507648,0.26388147,0.109315686,0.75278366
0.4811184,0.47381923,0.7337684,0.5423862,0.49584973,0.26446158,0.115227945,0.75275314
0.48336402,0.47460285,0.73373574,0.5432941,0.49661958,0.2650499,0.121052526,0.7527226
0.48560286,0.47538263,0.73370147,0.5441967,0.49738562,0.2656362,0.12685838,0.75269234
0.48782736,0.47615975,0.733667,0.54509544,0.498149,0.26622155,0.13264477,0.7526626
0.49003348,0.47693074,0.7336286,0.5459907,0.49891034,0.26680255,0.13848591,0.75263286
0.49368262,0.47650677,0.73414403,0.54418284,0.49910733,0.26578066,0.0018764995,0.75361526
0.49585614,0.47787276,0.7347085,0.5450754,0.49986434,0.26688498,0.007552091,0.7535841
0.49800792,0.47879356,0.7348231,0.5459622,0.50062793,0.26759824,0.013091803,0.75355303
0.5001409,0.47970498,0.7349304,0.54684514,0.5013919,0.26830387,0.018676061,0.75352204
0.5022561,0.48061264,0.7350359,0.547725,0.502154,0.26900774,0.02426786,0.7534914
0.5043533,0.48151058,0.73513395,0.5486019,0.502914,0.26970425,0.029885404,0.75346076
0.50643283,0.48236227,0.73518753,0.5494757,0.503672,0.27036196,0.035686336,0.75343025
0.50848347,0.4831376,0.7351672,0.5503495,0.5044306,0.270955,0.04182475,0.7533999
0.5105034,0.48389754,0.7351333,0.55122304,0.50519043,0.2715358,0.04806249,0.75336975
0.51250714,0.4846505,0.7350947,0.5520894,0.5059495,0.2721119,0.05430858,0.7533413
0.51449496,0.48538953,0.7350443,0.55294776,0.506708,0.27267718,0.060584746,0.7533151
0.51646566,0.4861286,0.734996,0.55380297,0.5074647,0.27324376,0.06683452,0.75328904
0.5184195,0.4868794,0.7349615,0.55465484,0.5082192,0.27382156,0.07294923,0.75326306
0.52035654,0.48763302,0.734932,0.55550396,0.5089716,0.27440315,0.07900762,0.75323737
0.5222731,0.48838538,0.73490345,0.55635005,0.50971705,0.2750019,0.08504207,0.7532058
0.524169,0.4891412,0.7348806,0.55719286,0.51045525,0.27562305,0.090978146,0.75316805
0.5260465,0.48987022,0.7348438,0.55803275,0.51118845,0.27623215,0.09697818,0.75312674
0.5279083,0.4905979,0.73483676,0.55886954,0.51191956,0.27684057,0.1029635,0.75308573
0.52975386,0.49132368,0.7348298,0.5597031,0.5126487,0.27744845,0.10893256,0.75304496
0.5315834,0.492049,0.73482627,0.56053376,0.5133758,0.278057,0.11487367,0.75300455
0.5333948,0.49279633,0.73483914,0.56136113,0.51410097,0.2786784,0.12068683,0.7529643
0.53518695,0.4935526,0.73484856,0.56218886,0.51482284,0.27929902,0.12647775,0.7529231
0.5369627,0.494307,0.73485786,0.5630153,0.51554215,0.27991903,0.13224927,0.7528813
0.5387168,0.4950508,0.73487914,0.5638386,0.5162594,0.28053826,0.13799441,0.7528398
0.5404547,0.49578676,0.73489714,0.56465876,0.51697475,0.28115264,0.14380431,0.7527985
0.5421773,0.49652073,0.734915,0.56547576,0.517688,0.28176624,0.14959213,0.7527577
0.54388493,0.49725282,0.73493326,0.56628966,0.51839924,0.28237915,0.15535685,0.7527173
0.5455775,0.49798286,0.7349514,0.56710035,0.5191086,0.28299138,0.16109797,0.75267684
0.5472553,0.49871093,0.7349696,0.567908,0.51981586,0.28360292,0.16681471,0.7526369
0.54891837,0.49943706,0.7349881,0.5687124,0.5205211,0.28421375,0.17250618,0.7525973
0.5505669,0.5001715,0.7350166,0.56951374,0.5212243,0.28483263,0.17811903,0.752558
0.5522011,0.5009161,0.7350574,0.5703117,0.52192557,0.2854614,0.18364194,0.75251895
0.5538207,0.5016588,0.7350983,0.5711068,0.5226248,0.2860894,0.18913803,0.75248027
0.55542636,0.5023994,0.7351392,0.5718985,0.52332205,0.28671658,0.19460678,0.75244194
0.55701774,0.5031378,0.73518,0.5726871,0.5240173,0.28734288,0.20004764,0.752404
0.55859524,0.5038755,0.73522216,0.5734724,0.5247105,0.28796938,0.20547879,0.7523664
0.5601618,0.5046153,0.7352529,0.57425475,0.52540183,0.2885954,0.21089152,0.7523291
0.56171525,0.5053537,0.73528117,0.57503366,0.52609116,0.28922054,0.21627492,0.7522922
0.56325495,0.50609,0.73530966,0.5758098,0.5267784,0.2898449,0.22162768,0.7522557
0.56478137,0.5068244,0.7353381,0.57658225,0.5274636,0.29046836,0.2269494,0.7522195
0.5662943,0.50755656,0.7353667,0.5773519,0.52814686,0.291091,0.23223937,0.7521837
0.5677937,0.50828665,0.73539543,0.5781182,0.528828,0.29171374,0.23749709,0.75214773
0.56927663,0.50901467,0.73542404,0.5788814,0.52950245,0.29235342,0.2427176,0.7521068
0.5707443,0.50975734,0.7354587,0.5796412,0.5301751,0.2929993,0.24787062,0.7520664
0.5721958,0.51051116,0.7354892,0.580398,0.53084576,0.29364443,0.2529847,0.7520262
0.5736316,0.5112662,0.735523,0.58114785,0.5315261,0.29428777,0.2580549,0.75198644
0.57505435,0.51202,0.7355581,0.5818943,0.53220546,0.29493102,0.2630869,0.75194716
0.57646483,0.5127715,0.73559314,0.5826373,0.53288275,0.2955731,0.2680847,0.75190824
0.577863,0.5135208,0.73562825,0.58337754,0.5335581,0.29621416,0.27304763,0.75187653
0.5792489,0.51426774,0.7356634,0.5841147,0.5342313,0.2968543,0.2779756,0.75185376
0.5806215,0.51501125,0.73572844,0.58484864,0.5349029,0.29749325,0.28286663,0.75183153
0.5819811,0.51575106,0.7358222,0.5855795,0.53557223,0.29813108,0.28772077,0.7518096
0.58332974,0.51648974,0.73591226,0.58630717,0.53623974,0.29876778,0.2925399,0.7517881
0.58466876,0.51722926,0.7359925,0.5870317,0.53690535,0.29940233,0.29732588,0.7517669
0.58934593,0.5154563,0.73565906,0.58201104,0.5367428,0.29533684,0.0023585483,0.7543234
0.5906653,0.51681685,0.736347,0.58273935,0.5374132,0.29654783,0.008035533,0.7542862
0.59197176,0.5177186,0.73659647,0.5834656,0.53808147,0.29735637,0.013394766,0.7542491
0.5932636,0.5185499,0.73676103,0.5841893,0.53874815,0.29809448,0.018899456,0.7542119
0.5945435,0.51936466,0.7369121,0.58491063,0.53941286,0.2988193,0.024476297,0.7541748
0.006115705,0.5176465,0.7385579,0.5805555,0.54466087,0.2918926,0.035533726,0.7581694
0.010082632,0.51835215,0.73856944,0.58142626,0.5453835,0.29256764,0.04187993,0.7581127
0.014113389,0.5190428,0.73856777,0.5822804,0.54609,0.29323062,0.04821042,0.7580562
0.018277109,0.5197161,0.73855036,0.58310175,0.5467643,0.29387978,0.05439979,0.75799966
0.022520207,0.5203744,0.7385198,0.5839073,0.54742366,0.29451695,0.060581036,0.75794333
0.026821934,0.52103066,0.73848903,0.5847009,0.5480711,0.29515344,0.0666674,0.7578868
0.031222135,0.5216696,0.73844266,0.58547425,0.54869926,0.29577592,0.07272845,0.75783074
0.035561435,0.52230984,0.7383978,0.5862467,0.54932714,0.29639915,0.07877854,0.75777435
0.039897993,0.5229531,0.7383529,0.5870167,0.5499531,0.2970219,0.084816545,0.75771844
0.044231504,0.5235947,0.73830825,0.58778435,0.55057716,0.29764432,0.090841696,0.7576625
0.04856164,0.52425015,0.7382793,0.5885492,0.5511994,0.29827967,0.09674559,0.75760657
0.05288814,0.5249053,0.73825186,0.5893116,0.5518198,0.2989156,0.10262617,0.75755095
0.057221808,0.52555615,0.73822176,0.5900687,0.5524355,0.29954866,0.10849152,0.7574954
0.06155038,0.5261966,0.7381831,0.59081954,0.5530458,0.30017364,0.11442777,0.7574399
0.06583418,0.5268385,0.7381479,0.59157073,0.5536572,0.30080086,0.12034728,0.75738466
0.070188805,0.5274825,0.73810047,0.59230864,0.55425596,0.30142024,0.12623629,0.7573296
0.074531466,0.52815104,0.73804677,0.5930439,0.5548527,0.30204052,0.13209285,0.7572746
0.07886814,0.52881765,0.7379931,0.59377646,0.5554477,0.30266005,0.13792956,0.75722003
0.08319847,0.5294826,0.7379401,0.59450644,0.556041,0.30327907,0.14374569,0.7571655
0.08751111,0.5301506,0.7379148,0.59523463,0.5566332,0.30390647,0.14948449,0.75711125
0.09181344,0.5308283,0.7379068,0.5959603,0.557224,0.30454427,0.15513475,0.75705725
0.09607179,0.5315082,0.7379032,0.5966876,0.5578169,0.30518502,0.16076246,0.7570034
0.10030018,0.5321854,0.7378988,0.59741116,0.55840737,0.30582428,0.16636679,0.75694984
0.10451656,0.5328606,0.73789424,0.59813195,0.5589956,0.30646256,0.17194715,0.7568965
0.10870697,0.5335355,0.73789155,0.5988516,0.55958384,0.30710146,0.17750269,0.75684345
0.11288997,0.5342087,0.737889,0.59956336,0.5601719,0.30773976,0.1830346,0.7567926
0.11706775,0.5348817,0.7378883,0.600268,0.5607629,0.30836567,0.18856812,0.75674814
0.12123746,0.53555864,0.73789364,0.60097015,0.5613537,0.30899015,0.19405416,0.75670564
0.12539314,0.5362365,0.7379017,0.6016695,0.5619371,0.30963543,0.19949687,0.75665665
0.12953618,0.53691244,0.7379099,0.6023661,0.5625154,0.31029195,0.2049081,0.75660384
0.13366899,0.5375865,0.7379183,0.60306,0.5630917,0.3109476,0.21029049,0.7565511
0.13778776,0.53825855,0.7379269,0.60375106,0.5636619,0.31161818,0.2156393,0.7564931
0.13680482,0.5522498,0.0027603954,0.6029074,0.5584408,0.3144378,0.21679926,0.7478874
0,0.5530582,0.0017518774,0.60105264,0.55947727,0.3126176,0.22189939,0.74904764
0.0025635213,0.5539608,0.0032266825,0.6019546,0.56025934,0.31346923,0.22736898,0.7489997
0.0059696734,0.5519646,0,0.5986222,0.56062764,0.30963963,0,0.7509895
0.010256268,0.5535122,0.001789581,0.5993868,0.5612615,0.3111602,0.0062323846,0.7509349
0.014569953,0.55497193,0.0040158425,0.6001438,0.5618878,0.31260565,0.012758533,0.7508802
0.018942833,0.55585456,0.0056663547,0.60088646,0.5625001,0.31355205,0.019157538,0.7508256
0.02344624,0.5566437,0.0069806464,0.6016004,0.5630843,0.31423366,0.025531944,0.750771
0.02810432,0.55734766,0.0082037,0.60228527,0.5636396,0.31484005,0.03195504,0.7507165
0.032809727,0.5580461,0.009399166,0.6029634,0.5641893,0.31543246,0.03837444,0.75066304
0.037494704,0.5588362,0.010577863,0.60363936,0.56473726,0.31602454,0.044765517,0.75060946
0.04217661,0.5596592,0.01175385,0.60431165,0.5652818,0.31661558,0.05114683,0.75055605
0.046884447,0.5604806,0.012929879,0.6049748,0.5658178,0.31720635,0.05755866,0.7505027
0.05158797,0.5613002,0.01410578,0.605637,0.56635207,0.31779772,0.06396131,0.75044584
0.05624213,0.5621221,0.015285429,0.6063012,0.56688833,0.31839207,0.07035452,0.750389
0.060821436,0.562953,0.016475681,0.60696894,0.56742895,0.31899524,0.076757945,0.75033224
0.06538673,0.56379044,0.017670717,0.60763586,0.56796926,0.31959897,0.083155975,0.7502756
0.06994843,0.5646319,0.018870065,0.60830057,0.56850785,0.32020476,0.08951673,0.7502191
0.074482,0.5654929,0.020090457,0.6089649,0.5690467,0.32082835,0.09572316,0.7501628
0.07895983,0.5663555,0.021314053,0.6096313,0.5695881,0.3214544,0.101926774,0.7501066
0.0834307,0.56721634,0.022537168,0.6102955,0.570128,0.32207957,0.10811796,0.75005066
0.0878949,0.56807446,0.02374085,0.6109574,0.5706662,0.32270303,0.11432286,0.74999493
0.09235578,0.5688863,0.024902832,0.61161685,0.57120275,0.3233391,0.12040905,0.74993944
0.096817024,0.5695032,0.02607656,0.61227417,0.5717377,0.32397565,0.1264787,0.7498841
0.10186109,0.5669305,0.02392153,0.61048555,0.5719052,0.32135132,0.0035165027,0.7509441
0.106265865,0.5687221,0.026082803,0.6111295,0.57243675,0.32278755,0.010021025,0.75089085
0.11066165,0.5705128,0.028244343,0.6117715,0.57296693,0.3242236,0.016511235,0.7508378
0.11504674,0.57188064,0.029984605,0.61241007,0.57350034,0.32529324,0.022713229,0.7507849
0.11941972,0.5728311,0.03130885,0.6130433,0.5740421,0.3259994,0.028943345,0.7507319
0.12378723,0.57364744,0.03245809,0.6136593,0.5745869,0.32658914,0.03529125,0.7506846
0.12812683,0.57443124,0.033565663,0.61426955,0.5751311,0.32717222,0.041666962,0.75063866
0.13246688,0.5751659,0.034692388,0.61487603,0.5756716,0.32775304,0.047991008,0.75059265
0.13676801,0.5758515,0.03579083,0.61547995,0.57620996,0.3283368,0.054281227,0.75054693
0.14102474,0.5764965,0.03681802,0.6160821,0.57674706,0.3289232,0.06054071,0.7505014
0.14526916,0.5770917,0.03784707,0.6166822,0.57728237,0.32951102,0.06680095,0.75045586
0.14950427,0.5774698,0.038928397,0.6172802,0.5778161,0.3301005,0.073066175,0.75041044
0.153703,0.5778158,0.03999521,0.61787635,0.5783484,0.33068946,0.079289146,0.7503653
0.15786195,0.5781256,0.041045573,0.6184705,0.57887906,0.3312777,0.08546494,0.7503203
0.16200796,0.57843435,0.04209576,0.61906254,0.5794083,0.33186522,0.0916277,0.7502755
0.16613775,0.57876176,0.04316534,0.6196486,0.57994825,0.33246568,0.097596906,0.7502306
0.1702556,0.57908946,0.044258036,0.6202326,0.5804918,0.3330516,0.103553124,0.7501912
0.1743122,0.57941985,0.045356397,0.6208216,0.5810411,0.3336384,0.10955186,0.75015247
0.17832181,0.57975364,0.046458613,0.62141293,0.58158624,0.3342514,0.11552739,0.75010586
0.18231744,0.5800914,0.047565676,0.62200195,0.5821298,0.33486822,0.121450104,0.75005937
0.18629876,0.5804399,0.04868407,0.6225889,0.5826719,0.33549422,0.12727438,0.7500131
0.19027042,0.58078784,0.049802214,0.62317383,0.58321255,0.33611956,0.13307995,0.7499672
0.19424102,0.58114415,0.050929617,0.62375754,0.58375233,0.3367524,0.13881996,0.7499215
0.19819668,0.58151317,0.052070003,0.624339,0.5842904,0.33739603,0.14446977,0.74987596
0.20213705,0.58188117,0.053209964,0.62491816,0.584827,0.33803865,0.15009874,0.7498308
0.2060585,0.58226436,0.05435151,0.6254953,0.5853604,0.33868554,0.1557017,0.74978405
0.20996052,0.58265686,0.055498935,0.62607014,0.58588827,0.3393456,0.16127753,0.7497327
0.21384656,0.5830482,0.056645785,0.62664294,0.5864145,0.34000447,0.16683039,0.7496816
0.21771833,0.58344084,0.057797965,0.6272133,0.58693916,0.34066233,0.17236176,0.7496309
0.22157577,0.58383524,0.058943536,0.62778145,0.5874623,0.34131896,0.1778714,0.74958056
0.22541666,0.5842285,0.060088553,0.6283475,0.5879839,0.34197447,0.18335587,0.74953043
0.22924069,0.5846209,0.061233036,0.62891126,0.58850396,0.34262887,0.18881443,0.74948084
0.23304787,0.5850121,0.06237692,0.62947285,0.5890225,0.34328207,0.19424653,0.74943155
0.2368379,0.5854024,0.0635202,0.63003194,0.5895394,0.343934,0.19965145,0.7493835
0.24061051,0.5857918,0.0646629,0.6305888,0.59005487,0.34458476,0.2050286,0.74933714
0.24436563,0.5861802,0.06580497,0.63114357,0.59056884,0.34523436,0.2103773,0.749291
0.24810311,0.58656764,0.066946395,0.63169587,0.5910811,0.34588268,0.21569708,0.7492455
0.25182262,0.5869544,0.06808738,0.6322459,0.5915921,0.34652984,0.22098956,0.74920017
0.25552422,0.58734167,0.069229186,0.63279396,0.5921012,0.3471773,0.22627518,0.7491658
0.2592076,0.58772784,0.07037169,0.63334,0.59260905,0.3478237,0.23152998,0.7491377
0.2628721,0.58811265,0.07152733,0.6338835,0.59311527,0.3484688,0.23675278,0.74911
0.2665211,0.58849573,0.07268158,0.6344241,0.59361935,0.34911188,0.24194384,0.7490825
0.2701887,0.5888684,0.07382548,0.63495266,0.5941123,0.3497454,0.24710253,0.74905545
0.27386907,0.5892321,0.07496053,0.6354709,0.5945956,0.35037056,0.25222853,0.74902874
0.2775303,0.58959484,0.076094866,0.635987,0.59507746,0.35099432,0.25732136,0.7490024
0.28117225,0.589957,0.07722847,0.6365006,0.5955581,0.35161695,0.26238057,0.74897647
0.28479463,0.59031844,0.07836144,0.6370121,0.59603703,0.35223836,0.2674057,0.74895084
0.2949436,0.5820409,0.07085556,0.6275429,0.6051321,0.34310472,0.2783024,0.0027830899
0.2984161,0.5824408,0.07202718,0.6280524,0.60558057,0.34377283,0.2832226,0.0035237372
0.30191156,0.58283,0.07318789,0.62856513,0.6060224,0.34441474,0.28811213,0.004270263
0.29884627,0.5837281,0.07428466,0,0.6064695,0.34791273,0.28106973,0
0.3025758,0.5841114,0.07540898,0,0.6071601,0.34867117,0.28595433,0
0.30628765,0.5844831,0.07650805,0,0.6078512,0.3494179,0.29083982,0
0.30998045,0.58485514,0.07759675,0.00018013641,0.6085411,0.35016665,0.29568988,0
0.3136533,0.5852249,0.078683235,0.0025117695,0.6092298,0.35091513,0.300511,0
0.31606284,0.5820091,0.07551627,0.00377585,0,0.35212702,0.3040122,0.003330361
0.3200039,0.582363,0.076599106,0.006269522,0,0.3528745,0.3088238,0.0045688264
0.3239225,0.58271635,0.07768133,0.008759977,0,0.35363093,0.31359443,0.0058140345
0.32781905,0.5830702,0.07876399,0.011250576,0,0.35439798,0.31831262,0.0070592053
0.33169293,0.58342594,0.079848535,0.013749361,0.002025824,0.35516468,0.32296297,0.008311087
0.3279443,0.5854548,0.081815764,0.022155046,0.004572034,0,0.32090977,0
0.3318144,0.58580524,0.08287935,0.024804015,0.0065390468,0,0.32562587,0
0.33569077,0.58614767,0.08393479,0.027446978,0.008485027,0,0.33029947,0
0.33947527,0.5864897,0.0849898,0.030071665,0.010340165,0.0001238361,0.3349327,0
0.34323123,0.5868327,0.086045854,0.03256179,0.012186371,0.0013191123,0.33951685,0
0.3469448,0.5871772,0.087103255,0.03494621,0.01400587,0.0024816934,0.34404874,0.00096862763
0.3506423,0.58752143,0.088160105,0.03729311,0.015832536,0.0036437996,0.3485454,0.0034548584
0.35430455,0.58786577,0.08921715,0.039627858,0.017680258,0.004801253,0.35300285,0.005922135
0.3578838,0.58821106,0.09027489,0.041911386,0.01940721,0.0059140027,0.35742116,0.00839976
0.36140707,0.5885338,0.09131005,0.044119075,0.021104509,0.0069987793,0.36186716,0.010836922
0.36489296,0.5888527,0.092340864,0.04629325,0.022811368,0.008080021,0.3662842,0.013253443
0.368313,0.58917123,0.09337149,0.048441425,0.024460979,0.009168191,0.370659,0.015599085
0.37167495,0.58948964,0.09440171,0.050581817,0.026092589,0.010266161,0.37499052,0.017892305
0.37500334,0.58980805,0.09543168,0.05275037,0.027742093,0.0113600455,0.37928167,0.020172704
0.37830862,0.5901255,0.09646062,0.054919496,0.029389683,0.012462817,0.38349617,0.022138935
0.38159117,0.5904423,0.0974887,0.057099074,0.031020766,0.013584238,0.38764018,0.023433696
0.38481334,0.5907584,0.09851586,0.05927856,0.032679264,0.014705557,0.3917451,0.024633171
0.38798293,0.59108794,0.09953828,0.061453808,0.034363203,0.015801143,0.39580494,0.025829155
0.39107037,0.59143263,0.10055527,0.063576244,0.036012843,0.016862787,0.3998014,0.027001206
0.39410552,0.5917769,0.101572044,0.06567566,0.037619915,0.017912958,0.40374076,0.028150853
0.39709422,0.59212077,0.10258866,0.06775549,0.03919143,0.018935865,0.4076371,0.029294677
0.40005136,0.5924646,0.10360488,0.06986779,0.04075052,0.019952204,0.41147187,0.03038506
0.40299115,0.59280795,0.104620926,0.07200452,0.042316124,0.02098279,0.41526657,0.031456415
0.4059177,0.5931512,0.10563666,0.0741584,0.043908566,0.022027694,0.41902772,0.032527447
0.40878376,0.59349406,0.10665214,0.07627815,0.045446835,0.023021407,0.42274252,0.03359189
0.41162482,0.5938367,0.10766733,0.07845871,0.04697911,0.024028607,0.42640698,0.034414098
0.41443777,0.5941833,0.10868657,0.080574006,0.048507996,0.025016434,0.43001154,0.035239786
0.4171805,0.5945554,0.10970455,0.08259983,0.050020654,0.025929095,0.4335305,0.03606766
0.41989928,0.59493154,0.1107104,0.08461818,0.05156274,0.026835825,0.4370145,0.03689774
0.42258754,0.5953071,0.111715786,0.08663267,0.053091407,0.027732644,0.44044912,0.037729282
0.42523727,0.5956819,0.11272075,0.08864312,0.054596007,0.02861376,0.44382393,0.038542986
0.42786825,0.59605646,0.11372524,0.09064782,0.056137323,0.02948774,0.4471632,0.039377842
0.430471,0.59643006,0.1147293,0.092639126,0.05777534,0.03034952,0.45046708,0.040217035
0.43305877,0.5968034,0.11573283,0.09463529,0.059412938,0.031216197,0.4537359,0.04105712
0.435631,0.597176,0.11673597,0.09660316,0.061053663,0.032084092,0.45696977,0.041902512
0.43819058,0.5975481,0.11773854,0.09854681,0.06270284,0.032951597,0.460169,0.042759825
0.44072536,0.59791976,0.11874079,0.1005206,0.06434097,0.033818804,0.46333373,0.04360974
0.4432226,0.5982936,0.11974535,0.10249799,0.06591788,0.03468996,0.46646422,0.04446051
0.44569328,0.5986685,0.120751016,0.10445004,0.06749885,0.03554007,0.46956077,0.045269623
0.44815245,0.5990428,0.12175614,0.10640351,0.069086336,0.036383223,0.47262362,0.046066746
0.45059207,0.5994162,0.122760504,0.1083375,0.07067259,0.037225742,0.47565833,0.04686393
0.45301354,0.5997881,0.12376338,0.1102621,0.07225905,0.038066894,0.47868013,0.047662955
0.4554139,0.6001629,0.12475463,0.11222873,0.07383856,0.038907684,0.48167178,0.048455037
0.45778874,0.60053897,0.1257391,0.11426833,0.07540661,0.039747912,0.4846322,0.04923473
0.46014485,0.60091436,0.12672324,0.1163058,0.07697402,0.04058774,0.48755962,0.05001528
0.46248493,0.6012891,0.12770712,0.11831968,0.07854396,0.041427046,0.4904542,0.050800487
0.46480858,0.6016632,0.12869045,0.12031265,0.08011587,0.04226593,0.49331632,0.051589854
0.4671134,0.6020367,0.12967348,0.122290455,0.08169635,0.043093055,0.49614623,0.05237427
0.46939948,0.6024095,0.13065618,0.124242805,0.083286956,0.043899562,0.49894425,0.053148754
0.4716674,0.60278153,0.13163844,0.12618357,0.084876835,0.04469748,0.5017106,0.05392121
0.4739172,0.6031531,0.1326203,0.128122,0.086466,0.0454949,0.5044456,0.054694474
0.4761503,0.60352385,0.13360175,0.13005982,0.08806363,0.04629325,0.50714946,0.055468537
0.4783663,0.6039005,0.13458303,0.13196477,0.089665614,0.047064684,0.5098227,0.05620234
0.48056492,0.6042966,0.13556428,0.1338669,0.091266826,0.047835212,0.5124659,0.05693272
0.48274535,0.604692,0.13654515,0.13576555,0.0928715,0.0486078,0.5150794,0.057664502
0.48490703,0.6050863,0.13752559,0.1376594,0.09448498,0.04938374,0.51766396,0.058398206
0.4870513,0.6054799,0.13850555,0.13955075,0.09609754,0.050159153,0.52021873,0.05913259
0.48917902,0.6058725,0.13948509,0.14144516,0.09771047,0.050933994,0.5227441,0.059869234
0.49129012,0.6062643,0.14046422,0.14334092,0.09932331,0.051708255,0.52524054,0.06060759
0.4933838,0.60665834,0.14144076,0.14523599,0.100917995,0.052483626,0.5277059,0.061346658
0.49545836,0.6070567,0.14241302,0.14712963,0.102501564,0.053259376,0.5301391,0.062086374
0.4975159,0.6074541,0.1433849,0.14902067,0.10408416,0.054034576,0.53254414,0.06282674
0.49955663,0.60785073,0.14435636,0.15090021,0.1056659,0.05480227,0.5349212,0.06356171
0.50158244,0.6082463,0.14532733,0.15275365,0.1072361,0.05555462,0.53727186,0.06429088
0.503594,0.60864097,0.14629793,0.1546076,0.10877619,0.05630921,0.5395952,0.065020576
0.50558895,0.6090348,0.14726806,0.1564588,0.11031522,0.057063155,0.54189146,0.06575086
0.5075675,0.60942763,0.14823776,0.15830725,0.111853294,0.057816476,0.5441611,0.066488765
0.50952965,0.6098195,0.14920703,0.16014886,0.113390304,0.058565654,0.5464041,0.067226
0.5114756,0.61021036,0.15017578,0.16194636,0.11492627,0.05927843,0.54862106,0.06794816
0.51340276,0.61061066,0.15114072,0.16374102,0.11646119,0.059990592,0.55080867,0.068670824
0.51531386,0.6110125,0.15210435,0.16553375,0.117998734,0.060702927,0.5529698,0.06939398
0.5172097,0.6114078,0.15305877,0.1673246,0.11953946,0.061407924,0.55513185,0.07011762
0.5190903,0.6118009,0.15401164,0.16911787,0.12107015,0.06211279,0.557272,0.07084043
0.52100885,0.61525077,0,0.17064434,0.121276304,0.063204646,0.56197554,0.06974198
0.5218898,0.6154187,0,0.012436351,0.119602464,0.066903025,0.5610112,0.07115862
0.5300852,0,0.0011913665,0.014612457,0.11666487,0.06803225,0.5707363,0.066271745
0.5320496,0.0004824102,0.0022523329,0.01685118,0.11823464,0.068786085,0.5727465,0.06716777
0.53399265,0.00196103,0.0033220127,0.019139396,0.11979607,0.069546945,0.57469344,0.06805537
0.5357768,0.0034458004,0.0043978393,0.021405682,0.12134791,0.07031261,0.5766157,0.06892616
0.5375206,0.0049304925,0.00547361,0.023606561,0.12286637,0.07107772,0.5785159,0.069757864
0.53925383,0.006415099,0.0065493546,0.02579873,0.12438957,0.07183529,0.5803941,0.07058455
0.540908,0.007899653,0.007625021,0.027934732,0.12582907,0.07257729,0.58225054,0.07128222
0.54254353,0.009384099,0.008700635,0.030070186,0.12726259,0.07332084,0.58408576,0.071965344
0.5441643,0.0108684115,0.009776175,0.03220486,0.12869498,0.07406388,0.5858997,0.07264888
0.54577047,0.012352623,0.010851622,0.034338757,0.13012642,0.07480637,0.5876928,0.07333287
0.5473635,0.013836656,0.011927035,0.03645376,0.13156438,0.07553271,0.5894652,0.07400984
0.5489421,0.015320547,0.013002336,0.03854088,0.13300118,0.07623514,0.5912172,0.074677095
0.55050886,0.016817693,0.0140800215,0.040602125,0.13443741,0.07694046,0.5929514,0.07534559
0.5520671,0.018316083,0.015165079,0.04261363,0.13587853,0.07764877,0.594667,0.07602188
0.55361605,0.019814938,0.016253527,0.04462639,0.13732389,0.07834512,0.5963651,0.07670533
0.55515105,0.021313533,0.017341807,0.046638038,0.13876803,0.079040796,0.5980437,0.07738951
0.55667204,0.022811912,0.018430024,0.04864023,0.14021088,0.07972862,0.5997029,0.07809861
0.5581794,0.024309978,0.019518029,0.050641395,0.14165244,0.080415815,0.60134333,0.078808054
0.5596743,0.025815114,0.020607568,0.052641507,0.14309269,0.0811025,0.60296655,0.07951783
0.5611559,0.027320415,0.021697454,0.054640558,0.14453165,0.08178861,0.60457134,0.080227934
0.56262505,0.028826796,0.022793315,0.056638505,0.14596921,0.08247414,0.6061594,0.08093836
0.56408083,0.030332841,0.023889057,0.058635343,0.14740549,0.083159134,0.60772914,0.08164909
0.5655233,0.031838514,0.024984576,0.06063101,0.14884037,0.08384365,0.6092812,0.08236013
0.5669508,0.033343814,0.026079908,0.06262265,0.15028264,0.08452515,0.6108154,0.08307752
0.5683638,0.034848742,0.027175032,0.064636804,0.15172443,0.085205324,0.6123324,0.08379704
0.5697646,0.036353312,0.028269954,0.06665828,0.15316567,0.085885026,0.613832,0.084517926
0.5780986,0.031088937,0.022438185,0.056595314,0.15282908,0.071334094,0,0.0945617
0.5795582,0.033317387,0.02424463,0.05872666,0.15426087,0.072935216,0.00053856894,0.09520635
0.5810157,0.03559492,0.026104352,0.06085694,0.15569124,0.07456404,0.008316122,0.095851034
0.58246183,0.037986957,0.028079692,0.062986016,0.1571202,0.076290876,0.01501018,0.09649581
0.5838906,0.040391102,0.030100469,0.06511376,0.1585514,0.078033425,0.021575375,0.097140655
0.5852917,0.042830825,0.03212577,0.06723982,0.15998921,0.079766184,0.028149152,0.09778558
0.58668214,0.045251634,0.034131978,0.069350466,0.16142711,0.08148194,0.034773793,0.09843252
0.5880507,0.047633052,0.03613484,0.07143934,0.16286573,0.08315328,0.04156071,0.09908237
0.58940214,0.049799956,0.037944507,0.07352685,0.1643028,0.08465534,0.04820481,0.09973231
0.59073716,0.051848657,0.039737407,0.075612955,0.16573974,0.086070865,0.054823257,0.100384176
0.59204674,0.05371919,0.041290384,0.07765083,0.16718128,0.08717082,0.06117609,0.10104369
0.59334904,0.055535693,0.042767927,0.079681896,0.1686235,0.08821548,0.06737793,0.101698644
0.59463984,0.05717402,0.044007972,0.08170992,0.17006919,0.08910521,0.07329939,0.102353044
0.5959202,0.05858761,0.04500944,0.083736375,0.17151317,0.0897997,0.07916409,0.10300762
0.59719616,0.05999463,0.0460006,0.08576122,0.17295554,0.09048101,0.085112184,0.103662394
0.5984613,0.0613986,0.04698904,0.08778727,0.17439622,0.09116217,0.09109412,0.104312986
0.5997196,0.062802106,0.047977366,0.089801446,0.17584032,0.09184571,0.09706149,0.10494026
0.6008764,0.06420921,0.048969567,0.09180538,0.17729062,0.09253367,0.103013426,0.10556612
0.6019437,0.065626934,0.04997272,0.093794696,0.17874518,0.0932314,0.108957455,0.106192105
0.6030039,0.06706366,0.05099071,0.09575967,0.18020123,0.09394076,0.11469425,0.106822304
0.60405636,0.06854376,0.052043457,0.09772364,0.18165663,0.09468449,0.12030395,0.1074558
0.60509896,0.07004443,0.053117163,0.0996883,0.18311068,0.095450565,0.12584396,0.10810128
0.60613143,0.071568795,0.054214943,0.101652645,0.18456295,0.096238516,0.13141339,0.10874948
0.6071546,0.07310665,0.055326726,0.10361925,0.18601409,0.097039126,0.13684735,0.10940534
0.6081704,0.07465269,0.05645886,0.10558385,0.18746898,0.09782828,0.14218047,0.11006821
0.6091768,0.0762175,0.057584018,0.10754671,0.18892187,0.09862807,0.14743915,0.11072847
0.61017525,0.077762656,0.058709282,0.109508805,0.19037405,0.09941854,0.15268715,0.11137998
0.61116725,0.07928467,0.059820667,0.111468785,0.19182649,0.10017057,0.15798795,0.11203434
0.61215,0.08080566,0.060931627,0.113429874,0.193277,0.10092472,0.16326588,0.112690404
0.6131229,0.08232517,0.062052406,0.11539101,0.19472563,0.101680204,0.16851962,0.1133477
0.6140893,0.08381435,0.06318091,0.117349885,0.1961723,0.10243842,0.17375273,0.11400523
0.6150578,0.08529881,0.0643163,0.11930417,0.19761479,0.1032013,0.17896205,0.11466297
0.6160239,0.086780906,0.06544979,0.12126406,0.19905347,0.103963,0.18414581,0.11532464
0.6169807,0.088266134,0.066586964,0.12322886,0.20048991,0.10472828,0.18932176,0.11598989
0.6179284,0.08974306,0.067720786,0.12519133,0.20192444,0.105486505,0.19450557,0.11665536
0.6188674,0.091217324,0.06885322,0.12715131,0.20335695,0.10624256,0.19966829,0.117321126
0.61979944,0.09270002,0.069986865,0.1291088,0.2047877,0.106997326,0.20480779,0.11798712
0.6207245,0.09416375,0.07111103,0.13106394,0.20622352,0.107742116,0.20997939,0.11865338
0.6229612,0.094029926,0.070650175,0.119888015,0.20940879,0.09691482,0.21655202,0
0.6212557,0.093066685,0.06990866,0,0,0.09440545,0.22003934,0
0.6226983,0.094493836,0.07099548,0,0,0.095472045,0.22507861,0
0.62415797,0.09591031,0.07206678,0,0,0.0965135,0.23017552,0
0.6256106,0.097322725,0.07313569,0,0,0.09755588,0.23526013,0
0.627039,0.09870652,0.07418241,0.00036179647,0,0.09857241,0.24048162,0
0.62845695,0.10008857,0.07522764,0.0028937273,0,0.09958451,0.24571306,0
0.62986183,0.10147384,0.07627251,0.005428873,0,0.10058879,0.25091082,0
0.6312132,0.102775276,0.07723424,0.0067220964,0.0013535433,0.10037851,0.25614923,0
0.63252485,0.10415866,0.07827865,0.009264236,0.0033159796,0.10137859,0.26127684,0
0.63186103,0.10525301,0.07939899,0.013034407,0.004479803,0.0006385334,0.26727393,0
0.6331135,0.106670015,0.0804783,0.015556864,0.006274987,0.0018604025,0.27221242,0
0.6342862,0.108087786,0.081557214,0.017966816,0.008114371,0.0030493718,0.27709004,0
0.63544804,0.10951164,0.08262926,0.020374434,0.009992089,0.0042278767,0.28195435,0
0.63652986,0.110931225,0.08369781,0.02273869,0.011784604,0.005394999,0.2867945,0
0.6375627,0.112329595,0.084720515,0.025049012,0.013560884,0.0064977333,0.29175544,0
0.6385525,0.113721766,0.08573668,0.027331859,0.015328292,0.007527152,0.29668376,0
0.6395043,0.11511288,0.08675263,0.029578052,0.017042812,0.00851775,0.30157027,0
0.64044684,0.11650291,0.08776836,0.03183391,0.018754441,0.009507999,0.30641806,0
0.6413813,0.11788701,0.08878535,0.03410883,0.020463541,0.010507571,0.3112284,0
0.64227617,0.11925218,0.089785576,0.03638033,0.022110138,0.011494581,0.31600884,0
0.6431913,0.12059784,0.09077333,0.03856966,0.023773873,0.012407221,0.32082072,0
0.64411646,0.121942885,0.09176108,0.040744428,0.025459642,0.013315693,0.32560408,0
0.64501494,0.1232872,0.09274872,0.04290883,0.02713408,0.014216805,0.33034852,0
0.6458738,0.12463087,0.09373627,0.04502979,0.028787814,0.0150426235,0.33505356,0
0.64672476,0.12597382,0.0947238,0.047119405,0.030440152,0.015856232,0.3397183,0.0018675774
0.6475682,0.12731609,0.09571118,0.04922397,0.032091156,0.016671047,0.34434235,0.003949512
0.6484049,0.12865762,0.0966985,0.05132713,0.033741713,0.017488856,0.34892544,0.0060175285
0.649245,0.12999845,0.09768578,0.053435005,0.035405073,0.018308003,0.35346758,0.007945977
0.6500691,0.13133857,0.09867292,0.05563744,0.037055917,0.019128017,0.35796887,0.009303052
0.6508917,0.13267791,0.09965996,0.057853002,0.03865868,0.019958451,0.36242917,0.010406615
0.6517095,0.13401647,0.10064692,0.060073934,0.04025076,0.020794753,0.36684844,0.011407575
0.6525206,0.13535318,0.10163271,0.062293265,0.041842435,0.02162994,0.3711729,0.012409044
0.6533254,0.13668884,0.102618046,0.064511046,0.043433618,0.022464775,0.37544218,0.013410993
0.6541238,0.13802373,0.10360331,0.06672717,0.04502434,0.023299526,0.37967113,0.014413441
0.6549159,0.13936263,0.10459333,0.068981506,0.046614572,0.024172883,0.38383487,0.015223198
0.6557041,0.14071396,0.105596386,0.071257174,0.048207134,0.025064215,0.38787434,0.015999543
0.6563403,0.14207128,0.10660608,0.07353769,0.0498059,0.025960684,0.39186597,0.016780572
0.6569513,0.14342833,0.10761624,0.075803794,0.051415693,0.026853211,0.39581868,0.017577374
0.6575587,0.14478433,0.10862609,0.078042254,0.053027757,0.027745467,0.39973277,0.018378306
0.65816057,0.14613926,0.109635584,0.08027773,0.05463918,0.028636385,0.4036082,0.019182868
0.6587569,0.14749315,0.11064472,0.08251016,0.056249954,0.02952598,0.40744507,0.019991208
0.6593478,0.14884597,0.11165353,0.08474065,0.0578601,0.030415233,0.41124362,0.020800188
0.6599377,0.15019771,0.11266194,0.08693163,0.05947545,0.031304188,0.41500387,0.021617046
0.6605273,0.15154839,0.11367003,0.08907182,0.061096653,0.032192774,0.418726,0.022442564
0.6611117,0.15289792,0.114677764,0.09121008,0.06271718,0.033081077,0.4224101,0.023268677
0.6616943,0.15424562,0.11568426,0.09334558,0.06433614,0.033968348,0.42605647,0.024095388
0.6622847,0.15558958,0.11668793,0.095477976,0.065959476,0.03485433,0.4296651,0.024922699
0.6628706,0.15693241,0.11769117,0.09760941,0.06758775,0.035740905,0.43323615,0.025750592
0.66345155,0.15827417,0.11869406,0.099738784,0.06921521,0.036627162,0.4367699,0.026579069
0.6640298,0.15961477,0.119696625,0.10184426,0.07085579,0.037517097,0.44026726,0.027412798
0.6646051,0.16095418,0.12069868,0.10392911,0.07250933,0.03841093,0.44372854,0.028251227
0.66517544,0.16229242,0.12170041,0.1060119,0.07416202,0.039304413,0.44715294,0.029090183
0.6657408,0.16362956,0.12270175,0.10809496,0.07581386,0.04019959,0.4505409,0.029920869
0.66630113,0.16496545,0.123702675,0.11017618,0.07746482,0.041094713,0.4538924,0.030750992
0.66685677,0.16630018,0.12470321,0.11225323,0.07911485,0.041987754,0.45720786,0.031586636
0.6674074,0.16763371,0.12570333,0.11432507,0.08076401,0.042877816,0.46048743,0.03243038
0.66795444,0.16896597,0.12670305,0.11640089,0.082413614,0.043767482,0.4637314,0.033276394
0.66849774,0.17029706,0.1277023,0.11847757,0.08405677,0.044657387,0.4669399,0.03412365
0.66903806,0.17162687,0.12870112,0.12055423,0.08567835,0.045548894,0.47011325,0.03497144
0.66957355,0.17295429,0.12969843,0.12260195,0.08729897,0.04641594,0.47325584,0.03578715
0.6701046,0.17427877,0.13069353,0.12462857,0.08891988,0.047264934,0.47636992,0.036575064
0.6706321,0.17560202,0.13168824,0.12665993,0.09051466,0.048115864,0.47944948,0.037361987
0.67115563,0.17692402,0.1326825,0.1286954,0.09209271,0.04897017,0.48249528,0.03814832
0.6716754,0.17824468,0.13367632,0.13072845,0.09367043,0.04982779,0.48550785,0.038936045
0.67219657,0.17956668,0.13466853,0.13275778,0.09524656,0.050683938,0.48848706,0.039724305
0.67272615,0.18088749,0.13565755,0.13477671,0.0968251,0.05153285,0.49143305,0.04053806
0.67325145,0.18220699,0.136646,0.13679247,0.09840265,0.052380808,0.49434587,0.041354723
0.67377234,0.18352515,0.13763416,0.13880569,0.099979065,0.0532284,0.49722582,0.04217638
0.67428887,0.18484205,0.1386218,0.14081639,0.10155437,0.054075595,0.50007325,0.043001074
0.6748161,0.18615168,0.13960311,0.14282069,0.10312476,0.05491733,0.50289303,0.04382625
0.6753478,0.18745771,0.14058164,0.14482015,0.104691744,0.055756666,0.50568074,0.044651903
0.6758751,0.18876243,0.14155975,0.146817,0.10625763,0.056595698,0.50843686,0.045477998
0.6763983,0.1900658,0.14253747,0.14880942,0.10782232,0.057432797,0.5111613,0.04631443
0.67691875,0.1913679,0.14351475,0.15080503,0.10937101,0.05827164,0.5138547,0.04714109
0.6774392,0.19266865,0.14449152,0.15281335,0.11088396,0.05911517,0.516517,0.047967702
0.67795694,0.193968,0.14546797,0.15479925,0.11238664,0.059941374,0.5191487,0.048792902
0.6784706,0.19526607,0.14644389,0.15675032,0.11388814,0.06073937,0.5217499,0.049635243
0.6789802,0.19656274,0.1474194,0.15869236,0.11538846,0.06153161,0.52432114,0.050478034
0.67948574,0.19785804,0.14839444,0.16063163,0.11688753,0.06232348,0.52686256,0.051321223
0.67998725,0.19915196,0.14936903,0.16253927,0.11838537,0.0630901,0.52937436,0.05213747
0.68048495,0.20044449,0.15034312,0.16443789,0.11988192,0.063850924,0.5318572,0.0529483
0.68097866,0.20173556,0.15131669,0.16633365,0.12137729,0.064611405,0.5343112,0.05375946
0.6814685,0.20302477,0.15228932,0.16822651,0.12287133,0.06537108,0.5367387,0.054571006
0.68195456,0.2043125,0.15326145,0.17011756,0.124364264,0.066133685,0.5391378,0.055384286
0.6824361,0.20559886,0.1542331,0.1720084,0.12586644,0.06690478,0.5415085,0.05620163
0.68291396,0.20688376,0.1552043,0.1738993,0.12736723,0.0676781,0.54385144,0.057022046
0.6833882,0.20816725,0.15617496,0.17578727,0.12886672,0.06845102,0.5461669,0.05784277
0.6838586,0.20944929,0.15714511,0.17765975,0.13036485,0.069212735,0.5484552,0.058644347
0.6843257,0.21072987,0.15811482,0.17952064,0.1318622,0.069960214,0.55071706,0.059433527
0.6847904,0.2120089,0.15908399,0.18137848,0.13335946,0.07069367,0.5529537,0.060224563
0.6852514,0.21328652,0.16005263,0.18323034,0.13485529,0.0714242,0.5551641,0.06102577
0.68570876,0.21456265,0.16102076,0.18507558,0.13634968,0.0721514,0.55734825,0.061838992
0.68616366,0.2158373,0.16198832,0.18689772,0.13784382,0.07284868,0.5595078,0.062646285
0.6866149,0.2171104,0.16295537,0.18868878,0.13933656,0.07352148,0.561642,0.063443266
0.68706274,0.21838203,0.16392186,0.1904768,0.14082775,0.074193925,0.56375086,0.06424041
0.68750715,0.21965209,0.16488779,0.19226164,0.1423175,0.074866064,0.56583494,0.06503776
0.6879482,0.22092062,0.16585326,0.19404337,0.14380577,0.07553794,0.5678942,0.065835245
0.6883857,0.22218764,0.16681811,0.19581723,0.14529258,0.076205425,0.5699293,0.0666514
0.68882006,0.22345304,0.16778243,0.19758672,0.14677781,0.07687156,0.5719402,0.0674727
0.68925095,0.22471693,0.1687462,0.19935301,0.14826158,0.07753739,0.57392716,0.0682941
0.68967867,0.2259793,0.16970927,0.20111614,0.14974377,0.0782029,0.5758909,0.06911561
0.6901031,0.22723997,0.17067188,0.20287603,0.1512244,0.07886818,0.57783127,0.06993718
0.6905242,0.22849917,0.17163387,0.20463273,0.15270346,0.079533145,0.5797485,0.07075885
0.6909424,0.22975686,0.17259854,0.2063834,0.154181,0.08019547,0.58164334,0.07159592
0.6913575,0.23101321,0.17356446,0.2081204,0.1556569,0.08084844,0.5835158,0.072492585
0.69176954,0.23226786,0.17452979,0.20985433,0.15713117,0.08150132,0.5853662,0.07338917
0.6921784,0.2335209,0.17549452,0.21159342,0.15860406,0.08215879,0.58719456,0.074285984
0.69258463,0.2347751,0.17646149,0.2133354,0.16007572,0.08281843,0.5889897,0.075183176
0.6929876,0.23603305,0.1774331,0.215074,0.1615457,0.08348245,0.5907418,0.07608026
0.69338775,0.23728919,0.17840388,0.21680924,0.16301402,0.084146075,0.59247327,0.076977246
0.6937847,0.23854366,0.1793741,0.21854126,0.16448072,0.08480936,0.5941841,0.077874124
0.6941789,0.23979634,0.18034345,0.22027081,0.16594571,0.08547318,0.5958748,0.07874714
0.69457,0.24104714,0.18131211,0.22199762,0.16740903,0.086137116,0.5975454,0.079605535
0.6949582,0.24229622,0.18228006,0.22372106,0.16887063,0.08680079,0.59919626,0.08046381
0.69534355,0.2435436,0.18324724,0.2254428,0.17033052,0.08746555,0.60082763,0.08132272
0.69572586,0.24478966,0.18421414,0.22716486,0.17178866,0.08813368,0.60243183,0.082183175
0.69610554,0.2460357,0.185182,0.22888348,0.1732451,0.08880297,0.60399157,0.0830435
0.6964821,0.24727988,0.18614918,0.23059869,0.17469984,0.08947186,0.6055329,0.083903685
0.69685614,0.24852222,0.18711552,0.23231044,0.17615277,0.09014043,0.60705614,0.08476374
0.6972273,0.24976271,0.188081,0.23401868,0.1776039,0.090808645,0.60856146,0.085623674
0.6975957,0.2510014,0.18904576,0.23572347,0.17905328,0.09147652,0.610049,0.08648348
0.69795626,0.25223923,0.19001073,0.23742583,0.18050188,0.092144854,0.61151904,0.08734313
0.6983121,0.25347558,0.19097522,0.23912507,0.18194908,0.092813216,0.61297196,0.0882026
0.698664,0.25471014,0.19193894,0.24082565,0.18339276,0.093481265,0.6144076,0.08905992
0.6990106,0.25594273,0.19290185,0.24253282,0.18483117,0.09414888,0.61582655,0.0899128
0.69935465,0.25717354,0.1938639,0.24423638,0.18626773,0.094816245,0.6172288,0.090765536
0.699696,0.2584024,0.19482511,0.24593633,0.18770248,0.095483206,0.6186148,0.09161812
0.70003486,0.25962934,0.19578555,0.24763274,0.18913531,0.09614984,0.6199844,0.09247053
0.7003712,0.26085445,0.19674513,0.24932551,0.19056636,0.09681609,0.6213381,0.09332277
0.700705,0.26207763,0.19770387,0.25101596,0.19199541,0.097482435,0.6226759,0.09417533
0.7010361,0.26329893,0.19866177,0.25270203,0.19342235,0.09815333,0.6239978,0.09503757
0.7013652,0.26451826,0.19961879,0.25438455,0.19484788,0.09881959,0.6253048,0.09590026
0.70169336,0.26573572,0.20057505,0.25606334,0.19627362,0.0994728,0.6265986,0.09676529
0.70201916,0.26695123,0.20153043,0.25773847,0.19769749,0.100125425,0.6278775,0.09763022
0.7023426,0.2681648,0.20248494,0.25940996,0.19911933,0.10077786,0.62914157,0.09849491
0.7026736,0.26937088,0.20343295,0.26107514,0.20053676,0.10142503,0.63040024,0.09935941
0.70300466,0.27057,0.20437512,0.26273647,0.20195153,0.10206804,0.6316575,0.100225724
0.7033332,0.27176732,0.20531651,0.26439548,0.20336443,0.10271204,0.63290024,0.10109791
0.7036596,0.27296263,0.20625713,0.2660508,0.2047753,0.10335583,0.6341288,0.101969875
0.7039834,0.2741561,0.20719692,0.26770237,0.20618424,0.10399938,0.63534325,0.102841616
0.7043051,0.2753477,0.2081359,0.2693502,0.20759118,0.1046427,0.6365439,0.10371315
0.7046245,0.27653733,0.20907405,0.27099374,0.20899612,0.10528531,0.6377307,0.104586035
0.7049415,0.27772516,0.2100114,0.2726315,0.21039906,0.10592597,0.63890386,0.10546467
0.70525664,0.27891105,0.21094793,0.2742659,0.21180677,0.10656678,0.64006364,0.10634303
0.70556957,0.28009492,0.21188366,0.2758966,0.21321267,0.10720739,0.6412104,0.10722112
0.7058801,0.28127706,0.21281853,0.2775235,0.2146166,0.10784783,0.642344,0.10809895
0.7061886,0.28245208,0.21374753,0.27914658,0.2160185,0.108483575,0.6434799,0.10897653
0.7064949,0.28362384,0.21467444,0.2807659,0.21741825,0.10911803,0.64460707,0.109853834
0.70679903,0.28479388,0.21560052,0.28238142,0.21881601,0.10975235,0.64572144,0.11073083
0.7071009,0.28596205,0.21652585,0.2839931,0.22021165,0.110386536,0.64682335,0.11160756
0.70740074,0.28712824,0.21745035,0.28560093,0.22160518,0.11102047,0.64791274,0.11248402
0.7077011,0.2882925,0.21837407,0.2872063,0.22299996,0.111643046,0.6489933,0.113354646
0.70799726,0.28945485,0.21929702,0.2888227,0.22439003,0.112265654,0.6500619,0.11421614
0.70831156,0.2906158,0.22021946,0.29043582,0.22577822,0.11288845,0.6511186,0.11507729
0.7086268,0.29177478,0.22114122,0.29204518,0.22716439,0.11351118,0.6521634,0.115938105
0.7089399,0.29293188,0.22206211,0.2936507,0.22854832,0.114133835,0.65319663,0.11679857
0.7092515,0.2940767,0.22298315,0.2952522,0.22993022,0.11475631,0.65421927,0.11765879
0.7095612,0.2952188,0.22390336,0.2968498,0.23130989,0.11537864,0.65523064,0.11851867
0.7098688,0.29635903,0.22482282,0.29844353,0.23268741,0.11600094,0.6562307,0.11937818
0.7101745,0.29749724,0.22574139,0.30003628,0.23406279,0.11662568,0.65721977,0.12021468
0.710478,0.2986336,0.22665915,0.3016251,0.23543596,0.117250346,0.6581978,0.12105082
0.7107796,0.29976806,0.22757605,0.30321002,0.23680696,0.11787484,0.6591652,0.12188666
0.71107954,0.30090043,0.22849205,0.30479085,0.2381756,0.11849913,0.6601221,0.12272214
0.7113847,0.3020268,0.22940308,0.3063637,0.23953804,0.1191198,0.66106826,0.12355727
0.7116909,0.30315134,0.23031339,0.3079326,0.24089825,0.1197404,0.66200393,0.12439213
0.71199137,0.30427465,0.23122358,0.3094982,0.24225709,0.12036145,0.6629297,0.12522665
0.71229,0.30539608,0.23213288,0.31105998,0.24361369,0.120982476,0.66384506,0.1260608
0.7125866,0.30651557,0.23304135,0.31261766,0.24496809,0.1216033,0.6647506,0.12689462
0.7128813,0.30763313,0.23394898,0.31417146,0.24632022,0.1222241,0.6656462,0.12772807
0.7131743,0.3087487,0.23485577,0.3157213,0.24767002,0.12284475,0.6665321,0.12856126
0.7134653,0.30986232,0.23576164,0.3172683,0.24901769,0.12346632,0.66740835,0.12939867
0.7137546,0.31097397,0.23666671,0.31881133,0.25036302,0.1240878,0.6682752,0.1302357
0.714042,0.31208372,0.23757085,0.32035035,0.25170612,0.12470918,0.66913253,0.13107234
0.71432763,0.31319147,0.23847413,0.32188538,0.25304696,0.12533036,0.6699808,0.13190864
0.7146115,0.3142972,0.23937649,0.32341635,0.2543855,0.12595144,0.6708198,0.13274455
0.7148936,0.315401,0.24027804,0.3249433,0.25572175,0.1265724,0.6716498,0.13358007
0.7151739,0.31650284,0.24117866,0.32646698,0.2570557,0.12719387,0.6724709,0.13441214
0.7154525,0.3176026,0.24207833,0.32798925,0.25838736,0.12781748,0.67328334,0.13523251
0.7157293,0.3187004,0.24297726,0.32950848,0.25971666,0.12844187,0.67408687,0.13604826
0.7160056,0.31979793,0.2438699,0.33102694,0.2610437,0.12906885,0.6748836,0.13684756
0.71628046,0.32089368,0.24476111,0.33254114,0.2623684,0.1296956,0.67567194,0.13764802
0.71655434,0.32198724,0.24565151,0.3340409,0.26369166,0.13032229,0.6764519,0.13844916
0.71682674,0.323079,0.24654102,0.33553252,0.26501295,0.13094878,0.6772238,0.13925043
0.71709746,0.32416856,0.24742967,0.33702007,0.26633194,0.13157511,0.67798734,0.1400513
0.71736646,0.3252562,0.24831745,0.3385036,0.26764852,0.13220137,0.6787428,0.14085177
0.7176339,0.32634178,0.24920431,0.33998308,0.26896277,0.13282743,0.6794903,0.14165187
0.7178998,0.32742542,0.2500904,0.3414585,0.2702746,0.13345334,0.68023,0.14245158
0.7181639,0.32850698,0.25097552,0.34292993,0.27158415,0.13407913,0.68096197,0.14325088
0.71842647,0.32958642,0.2518598,0.34439734,0.27289125,0.13470477,0.68168634,0.14404978
0.7186874,0.33066392,0.2527432,0.34586057,0.274196,0.13533023,0.68240297,0.14484832
